Use master
Create Database Cine
Go

Use Cine
Go

CREATE TABLE Salas
(
	CodigoSala char(6) NOT NULL PRIMARY KEY,
	CantidadAsientos int,
)
GO


CREATE TABLE Asientos
(
	CodigoAsiento char(8) NOT NULL PRIMARY KEY,
	CodigoSala char(6) NOT NULL
)

CREATE TABLE Peliculas
(
	CodigoPelicula char(8) NOT NULL PRIMARY KEY,
	NombrePelicula varchar(50) NOT NULL,
	Categoria varchar(50),
	Descripcion varchar(255)
)

CREATE TABLE Tickets
(
	CodigoSala char(6) NOT NULL,
	CodigoPelicula char(8) NOT NULL,
	CodigoAsiento char(8) NOT NULL,
	Precio money,
	--agrege esta para establecer conexion entre tickets y comidas--
	CodigoOrden char(6) NOT NULL
)

CREATE TABLE Ordenes
(
	CodigoOrden char(6) NOT NULL PRIMARY KEY,
	CodigoCombo char(5) NOT NULL,
	PrecioCombos money
)

CREATE TABLE Cartelera
(
	CodigoCartelera char(5) NOT NULL,
	CodigoPelicula char(8) NOT NULL,
	FechasEstreno datetime
)


GO 
Alter table Asientos
Add constraint SalasAsientos
Foreign Key  (CodigoSala)
references Salas(CodigoSala)


GO 

Alter table Tickets
Add constraint TicketPeliculas
Foreign Key  (CodigoPelicula)
references Peliculas(CodigoPelicula)

GO 

Alter table Tickets
Add constraint TicketsSalas
Foreign Key  (CodigoSala)
references Salas(CodigoSala)

GO 

Alter table Tickets
Add constraint TicketsComida
Foreign Key  (CodigoOrden)
references Ordenes(CodigoOrden)
GO 

--Nuevas tablas

CREATE TABLE Usuarios
(
	CodigoUsuario char(8) NOT NULL PRIMARY KEY,
	Nombre varchar(50),
	Apellido varchar(50)
)

CREATE TABLE Empleados
(
	CodigoEmpleado char(8) NOT NULL PRIMARY KEY,
	Nombre varchar(50),
	Apellido varchar(50),
	CodigoSucursal char(5) NOT NULL
)

CREATE TABLE Facturacion
(
	CodigoFactura char(10) NOT NULL PRIMARY KEY,
	CodigoUsuario char(8) NOT NULL,
	CodigoPelicula char(8) NOT NULL,
	CodigoSala char(6) NOT NULL,
	NumTickets int NOT NULL,
	Precio money
)

CREATE TABLE Sucursales
(
	CodigoSucursal char(5) NOT NULL PRIMARY KEY,
	NumSalas int,
	Localizacion varchar(50)
)

CREATE TABLE Inventario
(
	CodigoAlimento char(6) NOT NULL PRIMARY KEY,
	NombreAlimento varchar(50),
	Descripcion varchar(50)
)

CREATE TABLE Combos(
	CodigoCombo char(5) NOT NULL PRIMARY KEY,
	NombreCombo varchar(50),
	Descripcion varchar(50),
	CodigoAlimentoPrincipal char(6) NOT NULL,
	CodigoAlimentoAcompañante char(6) NOT NULL,
	PrecioCombos money
)

Alter table Empleados
Add constraint SucursalEmpleado
Foreign Key  (CodigoSucursal)
references Sucursales(CodigoSucursal)
GO 

Alter table Facturacion
Add constraint UsuarioFactura
Foreign Key  (CodigoUsuario)
references Usuarios(CodigoUsuario)
GO 

Alter table Facturacion
Add constraint PeliculaFactura
Foreign Key  (CodigoPelicula)
references Peliculas(CodigoPelicula)
GO

Alter table Facturacion
Add constraint SalaFactura
Foreign Key  (CodigoSala)
references Salas(CodigoSala)
GO

Alter table Combos
Add constraint ComidaPrincipalCombos
Foreign Key  (CodigoAlimentoPrincipal)
references Inventario(CodigoAlimento)
GO

Alter table Combos
Add constraint ComidaAcompañanteCombos
Foreign Key  (CodigoAlimentoAcompañante)
references Inventario(CodigoAlimento)
GO

Alter table Ordenes
Add constraint ComboOrden
Foreign Key  (CodigoCombo)
references Combos(CodigoCombo)
GO

Alter table Cartelera
Add constraint PeliculaCartelera
Foreign Key  (CodigoPelicula)
references Peliculas(CodigoPelicula)
GO


--Agregue otra foreign key 9/11/21


Alter table Salas
add CodigoSucursal char(5) NOT NULL
Go

Alter table Salas
Add constraint SucursalSala
Foreign Key  (CodigoSucursal)
references Sucursales(CodigoSucursal)
GO

Alter table Tickets
Drop column Precio

Alter table Tickets
Drop constraint TicketsComida

Alter table Tickets
Drop column CodigoOrden

Alter table Ordenes
Drop constraint ComboOrden

Drop table Ordenes

Alter table Facturacion
add CodigoCombo char(5) NOT NULL
Go

Alter table Facturacion
Add constraint ComboFactura
Foreign Key  (CodigoCombo)
references Combos(CodigoCombo)
GO

--

ALTER TABLE Cartelera
ADD PRIMARY KEY (CodigoCartelera);

Alter table Tickets
add CodigoTicket char(8) NOT NULL PRIMARY KEY
Go

Alter table Tickets
Drop constraint TicketPeliculas

Alter table Tickets
Drop column CodigoPelicula

Alter table Tickets
Drop column CodigoAsiento

Insert into Sucursales
values
('SUSS1',8,'San Salvador'),
('SUSS2',12,'San Salvador'),
('SUAC1',5,'Antiguo Cuscatlan'),
('SUSM1',7,'San Miguel'),
('SUSA1',7,'Santa Ana'),
('SUSY1',10,'Soyapango'),
('SUST1',9,'Santa Tecla');
Go

Insert into Salas
values
('AC1S01',36,'SUAC1'),
('AC1S02',36,'SUAC1'),
('AC1S03',30,'SUAC1'),
('AC1S04',30,'SUAC1'),
('AC1S05',30,'SUAC1'),
('SA1S01',25,'SUSA1'),
('SA1S02',20,'SUSA1'),
('SA1S03',20,'SUSA1'),
('SA1S04',36,'SUSA1'),
('SA1S05',30,'SUSA1'),
('SA1S06',30,'SUSA1'),
('SA1S07',30,'SUSA1'),
('SM1S01',25,'SUSM1'),
('SM1S02',20,'SUSM1'),
('SM1S03',20,'SUSM1'),
('SM1S04',36,'SUSM1'),
('SM1S05',30,'SUSM1'),
('SM1S06',30,'SUSM1'),
('SM1S07',30,'SUSM1'),
('SS1S01',25,'SUSS1'),
('SS1S02',20,'SUSS1'),
('SS1S03',20,'SUSS1'),
('SS1S04',36,'SUSS1'),
('SS1S05',30,'SUSS1'),
('SS1S06',30,'SUSS1'),
('SS1S07',30,'SUSS1'),
('SS1S08',30,'SUSS1'),
('SS2S01',36,'SUSS2'),
('SS2S02',30,'SUSS2'),
('SS2S03',30,'SUSS2'),
('SS2S04',30,'SUSS2'),
('SS2S05',30,'SUSS2'),
('SS2S06',36,'SUSS2'),
('SS2S07',30,'SUSS2'),
('SS2S08',36,'SUSS2'),
('SS2S09',30,'SUSS2'),
('SS2S10',30,'SUSS2'),
('SS2S11',30,'SUSS2'),
('SS2S12',30,'SUSS2'),
('ST1S01',20,'SUST1'),
('ST1S02',20,'SUST1'),
('ST1S03',36,'SUST1'),
('ST1S04',30,'SUST1'),
('ST1S05',30,'SUST1'),
('ST1S06',30,'SUST1'),
('ST1S07',30,'SUST1'),
('ST1S08',36,'SUST1'),
('ST1S09',30,'SUST1'),
('SY1S01',30,'SUSY1'),
('SY1S02',36,'SUSY1'),
('SY1S03',30,'SUSY1'),
('SY1S04',30,'SUSY1'),
('SY1S05',30,'SUSY1'),
('SY1S06',30,'SUSY1'),
('SY1S07',20,'SUSY1'),
('SY1S08',20,'SUSY1'),
('SY1S09',36,'SUSY1'),
('SY1S10',30,'SUSY1');

Insert into Asientos
values
('AC1S0101','AC1S01'),
('AC1S0102','AC1S01'),
('AC1S0103','AC1S01'),
('AC1S0104','AC1S01'),
('AC1S0105','AC1S01'),
('AC1S0106','AC1S01'),
('AC1S0107','AC1S01'),
('AC1S0108','AC1S01'),
('AC1S0109','AC1S01'),
('AC1S0110','AC1S01'),
('AC1S0111','AC1S01'),
('AC1S0112','AC1S01'),
('AC1S0113','AC1S01'),
('AC1S0114','AC1S01'),
('AC1S0115','AC1S01'),
('AC1S0116','AC1S01'),
('AC1S0117','AC1S01'),
('AC1S0118','AC1S01'),
('AC1S0119','AC1S01'),
('AC1S0120','AC1S01'),
('AC1S0121','AC1S01'),
('AC1S0122','AC1S01'),
('AC1S0123','AC1S01'),
('AC1S0124','AC1S01'),
('AC1S0125','AC1S01'),
('AC1S0126','AC1S01'),
('AC1S0127','AC1S01'),
('AC1S0128','AC1S01'),
('AC1S0129','AC1S01'),
('AC1S0130','AC1S01'),
('AC1S0131','AC1S01'),
('AC1S0132','AC1S01'),
('AC1S0133','AC1S01'),
('AC1S0134','AC1S01'),
('AC1S0135','AC1S01'),
('AC1S0136','AC1S01'),

('AC1S0201','AC1S02'),
('AC1S0202','AC1S02'),
('AC1S0203','AC1S02'),
('AC1S0204','AC1S02'),
('AC1S0205','AC1S02'),
('AC1S0206','AC1S02'),
('AC1S0207','AC1S02'),
('AC1S0208','AC1S02'),
('AC1S0209','AC1S02'),
('AC1S0210','AC1S02'),
('AC1S0211','AC1S02'),
('AC1S0212','AC1S02'),
('AC1S0213','AC1S02'),
('AC1S0214','AC1S02'),
('AC1S0215','AC1S02'),
('AC1S0216','AC1S02'),
('AC1S0217','AC1S02'),
('AC1S0218','AC1S02'),
('AC1S0219','AC1S02'),
('AC1S0220','AC1S02'),
('AC1S0221','AC1S02'),
('AC1S0222','AC1S02'),
('AC1S0223','AC1S02'),
('AC1S0224','AC1S02'),
('AC1S0225','AC1S02'),
('AC1S0226','AC1S02'),
('AC1S0227','AC1S02'),
('AC1S0228','AC1S02'),
('AC1S0229','AC1S02'),
('AC1S0230','AC1S02'),
('AC1S0231','AC1S02'),
('AC1S0232','AC1S02'),
('AC1S0233','AC1S02'),
('AC1S0234','AC1S02'),
('AC1S0235','AC1S02'),
('AC1S0236','AC1S02'),

('AC1S0301','AC1S03'),
('AC1S0302','AC1S03'),
('AC1S0303','AC1S03'),
('AC1S0304','AC1S03'),
('AC1S0305','AC1S03'),
('AC1S0306','AC1S03'),
('AC1S0307','AC1S03'),
('AC1S0308','AC1S03'),
('AC1S0309','AC1S03'),
('AC1S0310','AC1S03'),
('AC1S0311','AC1S03'),
('AC1S0312','AC1S03'),
('AC1S0313','AC1S03'),
('AC1S0314','AC1S03'),
('AC1S0315','AC1S03'),
('AC1S0316','AC1S03'),
('AC1S0317','AC1S03'),
('AC1S0318','AC1S03'),
('AC1S0319','AC1S03'),
('AC1S0320','AC1S03'),
('AC1S0321','AC1S03'),
('AC1S0322','AC1S03'),
('AC1S0323','AC1S03'),
('AC1S0324','AC1S03'),
('AC1S0325','AC1S03'),
('AC1S0326','AC1S03'),
('AC1S0327','AC1S03'),
('AC1S0328','AC1S03'),
('AC1S0329','AC1S03'),
('AC1S0330','AC1S03'),

('AC1S0401','AC1S04'),
('AC1S0402','AC1S04'),
('AC1S0403','AC1S04'),
('AC1S0404','AC1S04'),
('AC1S0405','AC1S04'),
('AC1S0406','AC1S04'),
('AC1S0407','AC1S04'),
('AC1S0408','AC1S04'),
('AC1S0409','AC1S04'),
('AC1S0410','AC1S04'),
('AC1S0411','AC1S04'),
('AC1S0412','AC1S04'),
('AC1S0413','AC1S04'),
('AC1S0414','AC1S04'),
('AC1S0415','AC1S04'),
('AC1S0416','AC1S04'),
('AC1S0417','AC1S04'),
('AC1S0418','AC1S04'),
('AC1S0419','AC1S04'),
('AC1S0420','AC1S04'),
('AC1S0421','AC1S04'),
('AC1S0422','AC1S04'),
('AC1S0423','AC1S04'),
('AC1S0424','AC1S04'),
('AC1S0425','AC1S04'),
('AC1S0426','AC1S04'),
('AC1S0427','AC1S04'),
('AC1S0428','AC1S04'),
('AC1S0429','AC1S04'),
('AC1S0430','AC1S04'),

('AC1S0501','AC1S05'),
('AC1S0502','AC1S05'),
('AC1S0503','AC1S05'),
('AC1S0504','AC1S05'),
('AC1S0505','AC1S05'),
('AC1S0506','AC1S05'),
('AC1S0507','AC1S05'),
('AC1S0508','AC1S05'),
('AC1S0509','AC1S05'),
('AC1S0510','AC1S05'),
('AC1S0511','AC1S05'),
('AC1S0512','AC1S05'),
('AC1S0513','AC1S05'),
('AC1S0514','AC1S05'),
('AC1S0515','AC1S05'),
('AC1S0516','AC1S05'),
('AC1S0517','AC1S05'),
('AC1S0518','AC1S05'),
('AC1S0519','AC1S05'),
('AC1S0520','AC1S05'),
('AC1S0521','AC1S05'),
('AC1S0522','AC1S05'),
('AC1S0523','AC1S05'),
('AC1S0524','AC1S05'),
('AC1S0525','AC1S05'),
('AC1S0526','AC1S05'),
('AC1S0527','AC1S05'),
('AC1S0528','AC1S05'),
('AC1S0529','AC1S05'),
('AC1S0530','AC1S05'),

('SA1S0101','SA1S01'),
('SA1S0102','SA1S01'),
('SA1S0103','SA1S01'),
('SA1S0104','SA1S01'),
('SA1S0105','SA1S01'),
('SA1S0106','SA1S01'),
('SA1S0107','SA1S01'),
('SA1S0108','SA1S01'),
('SA1S0109','SA1S01'),
('SA1S0110','SA1S01'),
('SA1S0111','SA1S01'),
('SA1S0112','SA1S01'),
('SA1S0113','SA1S01'),
('SA1S0114','SA1S01'),
('SA1S0115','SA1S01'),
('SA1S0116','SA1S01'),
('SA1S0117','SA1S01'),
('SA1S0118','SA1S01'),
('SA1S0119','SA1S01'),
('SA1S0120','SA1S01'),
('SA1S0121','SA1S01'),
('SA1S0122','SA1S01'),
('SA1S0123','SA1S01'),
('SA1S0124','SA1S01'),
('SA1S0125','SA1S01'),

('SA1S0201','SA1S02'),
('SA1S0202','SA1S02'),
('SA1S0203','SA1S02'),
('SA1S0204','SA1S02'),
('SA1S0205','SA1S02'),
('SA1S0206','SA1S02'),
('SA1S0207','SA1S02'),
('SA1S0208','SA1S02'),
('SA1S0209','SA1S02'),
('SA1S0210','SA1S02'),
('SA1S0211','SA1S02'),
('SA1S0212','SA1S02'),
('SA1S0213','SA1S02'),
('SA1S0214','SA1S02'),
('SA1S0215','SA1S02'),
('SA1S0216','SA1S02'),
('SA1S0217','SA1S02'),
('SA1S0218','SA1S02'),
('SA1S0219','SA1S02'),
('SA1S0220','SA1S02'),

('SA1S0301','SA1S03'),
('SA1S0302','SA1S03'),
('SA1S0303','SA1S03'),
('SA1S0304','SA1S03'),
('SA1S0305','SA1S03'),
('SA1S0306','SA1S03'),
('SA1S0307','SA1S03'),
('SA1S0308','SA1S03'),
('SA1S0309','SA1S03'),
('SA1S0310','SA1S03'),
('SA1S0311','SA1S03'),
('SA1S0312','SA1S03'),
('SA1S0313','SA1S03'),
('SA1S0314','SA1S03'),
('SA1S0315','SA1S03'),
('SA1S0316','SA1S03'),
('SA1S0317','SA1S03'),
('SA1S0318','SA1S03'),
('SA1S0319','SA1S03'),
('SA1S0320','SA1S03'),

('SA1S0401','SA1S04'),
('SA1S0402','SA1S04'),
('SA1S0403','SA1S04'),
('SA1S0404','SA1S04'),
('SA1S0405','SA1S04'),
('SA1S0406','SA1S04'),
('SA1S0407','SA1S04'),
('SA1S0408','SA1S04'),
('SA1S0409','SA1S04'),
('SA1S0410','SA1S04'),
('SA1S0411','SA1S04'),
('SA1S0412','SA1S04'),
('SA1S0413','SA1S04'),
('SA1S0414','SA1S04'),
('SA1S0415','SA1S04'),
('SA1S0416','SA1S04'),
('SA1S0417','SA1S04'),
('SA1S0418','SA1S04'),
('SA1S0419','SA1S04'),
('SA1S0420','SA1S04'),
('SA1S0421','SA1S04'),
('SA1S0422','SA1S04'),
('SA1S0423','SA1S04'),
('SA1S0424','SA1S04'),
('SA1S0425','SA1S04'),
('SA1S0426','SA1S04'),
('SA1S0427','SA1S04'),
('SA1S0428','SA1S04'),
('SA1S0429','SA1S04'),
('SA1S0430','SA1S04'),
('SA1S0431','SA1S04'),
('SA1S0432','SA1S04'),
('SA1S0433','SA1S04'),
('SA1S0434','SA1S04'),
('SA1S0435','SA1S04'),
('SA1S0436','SA1S04'),

('SA1S0501','SA1S05'),
('SA1S0502','SA1S05'),
('SA1S0503','SA1S05'),
('SA1S0504','SA1S05'),
('SA1S0505','SA1S05'),
('SA1S0506','SA1S05'),
('SA1S0507','SA1S05'),
('SA1S0508','SA1S05'),
('SA1S0509','SA1S05'),
('SA1S0510','SA1S05'),
('SA1S0511','SA1S05'),
('SA1S0512','SA1S05'),
('SA1S0513','SA1S05'),
('SA1S0514','SA1S05'),
('SA1S0515','SA1S05'),
('SA1S0516','SA1S05'),
('SA1S0517','SA1S05'),
('SA1S0518','SA1S05'),
('SA1S0519','SA1S05'),
('SA1S0520','SA1S05'),
('SA1S0521','SA1S05'),
('SA1S0522','SA1S05'),
('SA1S0523','SA1S05'),
('SA1S0524','SA1S05'),
('SA1S0525','SA1S05'),
('SA1S0526','SA1S05'),
('SA1S0527','SA1S05'),
('SA1S0528','SA1S05'),
('SA1S0529','SA1S05'),
('SA1S0530','SA1S05'),

('SA1S0601','SA1S06'),
('SA1S0602','SA1S06'),
('SA1S0603','SA1S06'),
('SA1S0604','SA1S06'),
('SA1S0605','SA1S06'),
('SA1S0606','SA1S06'),
('SA1S0607','SA1S06'),
('SA1S0608','SA1S06'),
('SA1S0609','SA1S06'),
('SA1S0610','SA1S06'),
('SA1S0611','SA1S06'),
('SA1S0612','SA1S06'),
('SA1S0613','SA1S06'),
('SA1S0614','SA1S06'),
('SA1S0615','SA1S06'),
('SA1S0616','SA1S06'),
('SA1S0617','SA1S06'),
('SA1S0618','SA1S06'),
('SA1S0619','SA1S06'),
('SA1S0620','SA1S06'),
('SA1S0621','SA1S06'),
('SA1S0622','SA1S06'),
('SA1S0623','SA1S06'),
('SA1S0624','SA1S06'),
('SA1S0625','SA1S06'),
('SA1S0626','SA1S06'),
('SA1S0627','SA1S06'),
('SA1S0628','SA1S06'),
('SA1S0629','SA1S06'),
('SA1S0630','SA1S06'),

('SA1S0701','SA1S07'),
('SA1S0702','SA1S07'),
('SA1S0703','SA1S07'),
('SA1S0704','SA1S07'),
('SA1S0705','SA1S07'),
('SA1S0706','SA1S07'),
('SA1S0707','SA1S07'),
('SA1S0708','SA1S07'),
('SA1S0709','SA1S07'),
('SA1S0710','SA1S07'),
('SA1S0711','SA1S07'),
('SA1S0712','SA1S07'),
('SA1S0713','SA1S07'),
('SA1S0714','SA1S07'),
('SA1S0715','SA1S07'),
('SA1S0716','SA1S07'),
('SA1S0717','SA1S07'),
('SA1S0718','SA1S07'),
('SA1S0719','SA1S07'),
('SA1S0720','SA1S07'),
('SA1S0721','SA1S07'),
('SA1S0722','SA1S07'),
('SA1S0723','SA1S07'),
('SA1S0724','SA1S07'),
('SA1S0725','SA1S07'),
('SA1S0726','SA1S07'),
('SA1S0727','SA1S07'),
('SA1S0728','SA1S07'),
('SA1S0729','SA1S07'),
('SA1S0730','SA1S07'),

('SM1S0101','SM1S01'),
('SM1S0102','SM1S01'),
('SM1S0103','SM1S01'),
('SM1S0104','SM1S01'),
('SM1S0105','SM1S01'),
('SM1S0106','SM1S01'),
('SM1S0107','SM1S01'),
('SM1S0108','SM1S01'),
('SM1S0109','SM1S01'),
('SM1S0110','SM1S01'),
('SM1S0111','SM1S01'),
('SM1S0112','SM1S01'),
('SM1S0113','SM1S01'),
('SM1S0114','SM1S01'),
('SM1S0115','SM1S01'),
('SM1S0116','SM1S01'),
('SM1S0117','SM1S01'),
('SM1S0118','SM1S01'),
('SM1S0119','SM1S01'),
('SM1S0120','SM1S01'),
('SM1S0121','SM1S01'),
('SM1S0122','SM1S01'),
('SM1S0123','SM1S01'),
('SM1S0124','SM1S01'),
('SM1S0125','SM1S01'),

('SM1S0201','SM1S02'),
('SM1S0202','SM1S02'),
('SM1S0203','SM1S02'),
('SM1S0204','SM1S02'),
('SM1S0205','SM1S02'),
('SM1S0206','SM1S02'),
('SM1S0207','SM1S02'),
('SM1S0208','SM1S02'),
('SM1S0209','SM1S02'),
('SM1S0210','SM1S02'),
('SM1S0211','SM1S02'),
('SM1S0212','SM1S02'),
('SM1S0213','SM1S02'),
('SM1S0214','SM1S02'),
('SM1S0215','SM1S02'),
('SM1S0216','SM1S02'),
('SM1S0217','SM1S02'),
('SM1S0218','SM1S02'),
('SM1S0219','SM1S02'),
('SM1S0220','SM1S02'),

('SM1S0301','SM1S03'),
('SM1S0302','SM1S03'),
('SM1S0303','SM1S03'),
('SM1S0304','SM1S03'),
('SM1S0305','SM1S03'),
('SM1S0306','SM1S03'),
('SM1S0307','SM1S03'),
('SM1S0308','SM1S03'),
('SM1S0309','SM1S03'),
('SM1S0310','SM1S03'),
('SM1S0311','SM1S03'),
('SM1S0312','SM1S03'),
('SM1S0313','SM1S03'),
('SM1S0314','SM1S03'),
('SM1S0315','SM1S03'),
('SM1S0316','SM1S03'),
('SM1S0317','SM1S03'),
('SM1S0318','SM1S03'),
('SM1S0319','SM1S03'),
('SM1S0320','SM1S03'),

('SM1S0401','SM1S04'),
('SM1S0402','SM1S04'),
('SM1S0403','SM1S04'),
('SM1S0404','SM1S04'),
('SM1S0405','SM1S04'),
('SM1S0406','SM1S04'),
('SM1S0407','SM1S04'),
('SM1S0408','SM1S04'),
('SM1S0409','SM1S04'),
('SM1S0410','SM1S04'),
('SM1S0411','SM1S04'),
('SM1S0412','SM1S04'),
('SM1S0413','SM1S04'),
('SM1S0414','SM1S04'),
('SM1S0415','SM1S04'),
('SM1S0416','SM1S04'),
('SM1S0417','SM1S04'),
('SM1S0418','SM1S04'),
('SM1S0419','SM1S04'),
('SM1S0420','SM1S04'),
('SM1S0421','SM1S04'),
('SM1S0422','SM1S04'),
('SM1S0423','SM1S04'),
('SM1S0424','SM1S04'),
('SM1S0425','SM1S04'),
('SM1S0426','SM1S04'),
('SM1S0427','SM1S04'),
('SM1S0428','SM1S04'),
('SM1S0429','SM1S04'),
('SM1S0430','SM1S04'),
('SM1S0431','SM1S04'),
('SM1S0432','SM1S04'),
('SM1S0433','SM1S04'),
('SM1S0434','SM1S04'),
('SM1S0435','SM1S04'),
('SM1S0436','SM1S04'),

('SM1S0501','SM1S05'),
('SM1S0502','SM1S05'),
('SM1S0503','SM1S05'),
('SM1S0504','SM1S05'),
('SM1S0505','SM1S05'),
('SM1S0506','SM1S05'),
('SM1S0507','SM1S05'),
('SM1S0508','SM1S05'),
('SM1S0509','SM1S05'),
('SM1S0510','SM1S05'),
('SM1S0511','SM1S05'),
('SM1S0512','SM1S05'),
('SM1S0513','SM1S05'),
('SM1S0514','SM1S05'),
('SM1S0515','SM1S05'),
('SM1S0516','SM1S05'),
('SM1S0517','SM1S05'),
('SM1S0518','SM1S05'),
('SM1S0519','SM1S05'),
('SM1S0520','SM1S05'),
('SM1S0521','SM1S05'),
('SM1S0522','SM1S05'),
('SM1S0523','SM1S05'),
('SM1S0524','SM1S05'),
('SM1S0525','SM1S05'),
('SM1S0526','SM1S05'),
('SM1S0527','SM1S05'),
('SM1S0528','SM1S05'),
('SM1S0529','SM1S05'),
('SM1S0530','SM1S05'),

('SM1S0601','SM1S06'),
('SM1S0602','SM1S06'),
('SM1S0603','SM1S06'),
('SM1S0604','SM1S06'),
('SM1S0605','SM1S06'),
('SM1S0606','SM1S06'),
('SM1S0607','SM1S06'),
('SM1S0608','SM1S06'),
('SM1S0609','SM1S06'),
('SM1S0610','SM1S06'),
('SM1S0611','SM1S06'),
('SM1S0612','SM1S06'),
('SM1S0613','SM1S06'),
('SM1S0614','SM1S06'),
('SM1S0615','SM1S06'),
('SM1S0616','SM1S06'),
('SM1S0617','SM1S06'),
('SM1S0618','SM1S06'),
('SM1S0619','SM1S06'),
('SM1S0620','SM1S06'),
('SM1S0621','SM1S06'),
('SM1S0622','SM1S06'),
('SM1S0623','SM1S06'),
('SM1S0624','SM1S06'),
('SM1S0625','SM1S06'),
('SM1S0626','SM1S06'),
('SM1S0627','SM1S06'),
('SM1S0628','SM1S06'),
('SM1S0629','SM1S06'),
('SM1S0630','SM1S06'),

('SM1S0701','SM1S07'),
('SM1S0702','SM1S07'),
('SM1S0703','SM1S07'),
('SM1S0704','SM1S07'),
('SM1S0705','SM1S07'),
('SM1S0706','SM1S07'),
('SM1S0707','SM1S07'),
('SM1S0708','SM1S07'),
('SM1S0709','SM1S07'),
('SM1S0710','SM1S07'),
('SM1S0711','SM1S07'),
('SM1S0712','SM1S07'),
('SM1S0713','SM1S07'),
('SM1S0714','SM1S07'),
('SM1S0715','SM1S07'),
('SM1S0716','SM1S07'),
('SM1S0717','SM1S07'),
('SM1S0718','SM1S07'),
('SM1S0719','SM1S07'),
('SM1S0720','SM1S07'),
('SM1S0721','SM1S07'),
('SM1S0722','SM1S07'),
('SM1S0723','SM1S07'),
('SM1S0724','SM1S07'),
('SM1S0725','SM1S07'),
('SM1S0726','SM1S07'),
('SM1S0727','SM1S07'),
('SM1S0728','SM1S07'),
('SM1S0729','SM1S07'),
('SM1S0730','SM1S07'),

('SS1S0101','SS1S01'),
('SS1S0102','SS1S01'),
('SS1S0103','SS1S01'),
('SS1S0104','SS1S01'),
('SS1S0105','SS1S01'),
('SS1S0106','SS1S01'),
('SS1S0107','SS1S01'),
('SS1S0108','SS1S01'),
('SS1S0109','SS1S01'),
('SS1S0110','SS1S01'),
('SS1S0111','SS1S01'),
('SS1S0112','SS1S01'),
('SS1S0113','SS1S01'),
('SS1S0114','SS1S01'),
('SS1S0115','SS1S01'),
('SS1S0116','SS1S01'),
('SS1S0117','SS1S01'),
('SS1S0118','SS1S01'),
('SS1S0119','SS1S01'),
('SS1S0120','SS1S01'),
('SS1S0121','SS1S01'),
('SS1S0122','SS1S01'),
('SS1S0123','SS1S01'),
('SS1S0124','SS1S01'),
('SS1S0125','SS1S01'),

('SS1S0201','SS1S02'),
('SS1S0202','SS1S02'),
('SS1S0203','SS1S02'),
('SS1S0204','SS1S02'),
('SS1S0205','SS1S02'),
('SS1S0206','SS1S02'),
('SS1S0207','SS1S02'),
('SS1S0208','SS1S02'),
('SS1S0209','SS1S02'),
('SS1S0210','SS1S02'),
('SS1S0211','SS1S02'),
('SS1S0212','SS1S02'),
('SS1S0213','SS1S02'),
('SS1S0214','SS1S02'),
('SS1S0215','SS1S02'),
('SS1S0216','SS1S02'),
('SS1S0217','SS1S02'),
('SS1S0218','SS1S02'),
('SS1S0219','SS1S02'),
('SS1S0220','SS1S02'),

('SS1S0301','SS1S03'),
('SS1S0302','SS1S03'),
('SS1S0303','SS1S03'),
('SS1S0304','SS1S03'),
('SS1S0305','SS1S03'),
('SS1S0306','SS1S03'),
('SS1S0307','SS1S03'),
('SS1S0308','SS1S03'),
('SS1S0309','SS1S03'),
('SS1S0310','SS1S03'),
('SS1S0311','SS1S03'),
('SS1S0312','SS1S03'),
('SS1S0313','SS1S03'),
('SS1S0314','SS1S03'),
('SS1S0315','SS1S03'),
('SS1S0316','SS1S03'),
('SS1S0317','SS1S03'),
('SS1S0318','SS1S03'),
('SS1S0319','SS1S03'),
('SS1S0320','SS1S03'),

('SS1S0401','SS1S04'),
('SS1S0402','SS1S04'),
('SS1S0403','SS1S04'),
('SS1S0404','SS1S04'),
('SS1S0405','SS1S04'),
('SS1S0406','SS1S04'),
('SS1S0407','SS1S04'),
('SS1S0408','SS1S04'),
('SS1S0409','SS1S04'),
('SS1S0410','SS1S04'),
('SS1S0411','SS1S04'),
('SS1S0412','SS1S04'),
('SS1S0413','SS1S04'),
('SS1S0414','SS1S04'),
('SS1S0415','SS1S04'),
('SS1S0416','SS1S04'),
('SS1S0417','SS1S04'),
('SS1S0418','SS1S04'),
('SS1S0419','SS1S04'),
('SS1S0420','SS1S04'),
('SS1S0421','SS1S04'),
('SS1S0422','SS1S04'),
('SS1S0423','SS1S04'),
('SS1S0424','SS1S04'),
('SS1S0425','SS1S04'),
('SS1S0426','SS1S04'),
('SS1S0427','SS1S04'),
('SS1S0428','SS1S04'),
('SS1S0429','SS1S04'),
('SS1S0430','SS1S04'),
('SS1S0431','SS1S04'),
('SS1S0432','SS1S04'),
('SS1S0433','SS1S04'),
('SS1S0434','SS1S04'),
('SS1S0435','SS1S04'),
('SS1S0436','SS1S04'),

('SS1S0501','SS1S05'),
('SS1S0502','SS1S05'),
('SS1S0503','SS1S05'),
('SS1S0504','SS1S05'),
('SS1S0505','SS1S05'),
('SS1S0506','SS1S05'),
('SS1S0507','SS1S05'),
('SS1S0508','SS1S05'),
('SS1S0509','SS1S05'),
('SS1S0510','SS1S05'),
('SS1S0511','SS1S05'),
('SS1S0512','SS1S05'),
('SS1S0513','SS1S05'),
('SS1S0514','SS1S05'),
('SS1S0515','SS1S05'),
('SS1S0516','SS1S05'),
('SS1S0517','SS1S05'),
('SS1S0518','SS1S05'),
('SS1S0519','SS1S05'),
('SS1S0520','SS1S05'),
('SS1S0521','SS1S05'),
('SS1S0522','SS1S05'),
('SS1S0523','SS1S05'),
('SS1S0524','SS1S05'),
('SS1S0525','SS1S05'),
('SS1S0526','SS1S05'),
('SS1S0527','SS1S05'),
('SS1S0528','SS1S05'),
('SS1S0529','SS1S05'),
('SS1S0530','SS1S05'),

('SS1S0601','SS1S06'),
('SS1S0602','SS1S06'),
('SS1S0603','SS1S06'),
('SS1S0604','SS1S06'),
('SS1S0605','SS1S06'),
('SS1S0606','SS1S06'),
('SS1S0607','SS1S06'),
('SS1S0608','SS1S06'),
('SS1S0609','SS1S06'),
('SS1S0610','SS1S06'),
('SS1S0611','SS1S06'),
('SS1S0612','SS1S06'),
('SS1S0613','SS1S06'),
('SS1S0614','SS1S06'),
('SS1S0615','SS1S06'),
('SS1S0616','SS1S06'),
('SS1S0617','SS1S06'),
('SS1S0618','SS1S06'),
('SS1S0619','SS1S06'),
('SS1S0620','SS1S06'),
('SS1S0621','SS1S06'),
('SS1S0622','SS1S06'),
('SS1S0623','SS1S06'),
('SS1S0624','SS1S06'),
('SS1S0625','SS1S06'),
('SS1S0626','SS1S06'),
('SS1S0627','SS1S06'),
('SS1S0628','SS1S06'),
('SS1S0629','SS1S06'),
('SS1S0630','SS1S06'),

('SS1S0701','SS1S07'),
('SS1S0702','SS1S07'),
('SS1S0703','SS1S07'),
('SS1S0704','SS1S07'),
('SS1S0705','SS1S07'),
('SS1S0706','SS1S07'),
('SS1S0707','SS1S07'),
('SS1S0708','SS1S07'),
('SS1S0709','SS1S07'),
('SS1S0710','SS1S07'),
('SS1S0711','SS1S07'),
('SS1S0712','SS1S07'),
('SS1S0713','SS1S07'),
('SS1S0714','SS1S07'),
('SS1S0715','SS1S07'),
('SS1S0716','SS1S07'),
('SS1S0717','SS1S07'),
('SS1S0718','SS1S07'),
('SS1S0719','SS1S07'),
('SS1S0720','SS1S07'),
('SS1S0721','SS1S07'),
('SS1S0722','SS1S07'),
('SS1S0723','SS1S07'),
('SS1S0724','SS1S07'),
('SS1S0725','SS1S07'),
('SS1S0726','SS1S07'),
('SS1S0727','SS1S07'),
('SS1S0728','SS1S07'),
('SS1S0729','SS1S07'),
('SS1S0730','SS1S07'),

('SS1S0801','SS1S08'),
('SS1S0802','SS1S08'),
('SS1S0803','SS1S08'),
('SS1S0804','SS1S08'),
('SS1S0805','SS1S08'),
('SS1S0806','SS1S08'),
('SS1S0807','SS1S08'),
('SS1S0808','SS1S08'),
('SS1S0809','SS1S08'),
('SS1S0810','SS1S08'),
('SS1S0811','SS1S08'),
('SS1S0812','SS1S08'),
('SS1S0813','SS1S08'),
('SS1S0814','SS1S08'),
('SS1S0815','SS1S08'),
('SS1S0816','SS1S08'),
('SS1S0817','SS1S08'),
('SS1S0818','SS1S08'),
('SS1S0819','SS1S08'),
('SS1S0820','SS1S08'),
('SS1S0821','SS1S08'),
('SS1S0822','SS1S08'),
('SS1S0823','SS1S08'),
('SS1S0824','SS1S08'),
('SS1S0825','SS1S08'),
('SS1S0826','SS1S08'),
('SS1S0827','SS1S08'),
('SS1S0828','SS1S08'),
('SS1S0829','SS1S08'),
('SS1S0830','SS1S08'),

('SS2S0101','SS2S01'),
('SS2S0102','SS2S01'),
('SS2S0103','SS2S01'),
('SS2S0104','SS2S01'),
('SS2S0105','SS2S01'),
('SS2S0106','SS2S01'),
('SS2S0107','SS2S01'),
('SS2S0108','SS2S01'),
('SS2S0109','SS2S01'),
('SS2S0110','SS2S01'),
('SS2S0111','SS2S01'),
('SS2S0112','SS2S01'),
('SS2S0113','SS2S01'),
('SS2S0114','SS2S01'),
('SS2S0115','SS2S01'),
('SS2S0116','SS2S01'),
('SS2S0117','SS2S01'),
('SS2S0118','SS2S01'),
('SS2S0119','SS2S01'),
('SS2S0120','SS2S01'),
('SS2S0121','SS2S01'),
('SS2S0122','SS2S01'),
('SS2S0123','SS2S01'),
('SS2S0124','SS2S01'),
('SS2S0125','SS2S01'),
('SS2S0126','SS2S01'),
('SS2S0127','SS2S01'),
('SS2S0128','SS2S01'),
('SS2S0129','SS2S01'),
('SS2S0130','SS2S01'),
('SS2S0131','SS2S01'),
('SS2S0132','SS2S01'),
('SS2S0133','SS2S01'),
('SS2S0134','SS2S01'),
('SS2S0135','SS2S01'),
('SS2S0136','SS2S01');

Insert into Asientos
values
('SS2S0201','SS2S02'),
('SS2S0202','SS2S02'),
('SS2S0203','SS2S02'),
('SS2S0204','SS2S02'),
('SS2S0205','SS2S02'),
('SS2S0206','SS2S02'),
('SS2S0207','SS2S02'),
('SS2S0208','SS2S02'),
('SS2S0209','SS2S02'),
('SS2S0210','SS2S02'),
('SS2S0211','SS2S02'),
('SS2S0212','SS2S02'),
('SS2S0213','SS2S02'),
('SS2S0214','SS2S02'),
('SS2S0215','SS2S02'),
('SS2S0216','SS2S02'),
('SS2S0217','SS2S02'),
('SS2S0218','SS2S02'),
('SS2S0219','SS2S02'),
('SS2S0220','SS2S02'),
('SS2S0221','SS2S02'),
('SS2S0222','SS2S02'),
('SS2S0223','SS2S02'),
('SS2S0224','SS2S02'),
('SS2S0225','SS2S02'),
('SS2S0226','SS2S02'),
('SS2S0227','SS2S02'),
('SS2S0228','SS2S02'),
('SS2S0229','SS2S02'),
('SS2S0230','SS2S02'),

('SS2S0301','SS2S03'),
('SS2S0302','SS2S03'),
('SS2S0303','SS2S03'),
('SS2S0304','SS2S03'),
('SS2S0305','SS2S03'),
('SS2S0306','SS2S03'),
('SS2S0307','SS2S03'),
('SS2S0308','SS2S03'),
('SS2S0309','SS2S03'),
('SS2S0310','SS2S03'),
('SS2S0311','SS2S03'),
('SS2S0312','SS2S03'),
('SS2S0313','SS2S03'),
('SS2S0314','SS2S03'),
('SS2S0315','SS2S03'),
('SS2S0316','SS2S03'),
('SS2S0317','SS2S03'),
('SS2S0318','SS2S03'),
('SS2S0319','SS2S03'),
('SS2S0320','SS2S03'),
('SS2S0321','SS2S03'),
('SS2S0322','SS2S03'),
('SS2S0323','SS2S03'),
('SS2S0324','SS2S03'),
('SS2S0325','SS2S03'),
('SS2S0326','SS2S03'),
('SS2S0327','SS2S03'),
('SS2S0328','SS2S03'),
('SS2S0329','SS2S03'),
('SS2S0330','SS2S03'),

('SS2S0401','SS2S04'),
('SS2S0402','SS2S04'),
('SS2S0403','SS2S04'),
('SS2S0404','SS2S04'),
('SS2S0405','SS2S04'),
('SS2S0406','SS2S04'),
('SS2S0407','SS2S04'),
('SS2S0408','SS2S04'),
('SS2S0409','SS2S04'),
('SS2S0410','SS2S04'),
('SS2S0411','SS2S04'),
('SS2S0412','SS2S04'),
('SS2S0413','SS2S04'),
('SS2S0414','SS2S04'),
('SS2S0415','SS2S04'),
('SS2S0416','SS2S04'),
('SS2S0417','SS2S04'),
('SS2S0418','SS2S04'),
('SS2S0419','SS2S04'),
('SS2S0420','SS2S04'),
('SS2S0421','SS2S04'),
('SS2S0422','SS2S04'),
('SS2S0423','SS2S04'),
('SS2S0424','SS2S04'),
('SS2S0425','SS2S04'),
('SS2S0426','SS2S04'),
('SS2S0427','SS2S04'),
('SS2S0428','SS2S04'),
('SS2S0429','SS2S04'),
('SS2S0430','SS2S04'),

('SS2S0501','SS2S05'),
('SS2S0502','SS2S05'),
('SS2S0503','SS2S05'),
('SS2S0504','SS2S05'),
('SS2S0505','SS2S05'),
('SS2S0506','SS2S05'),
('SS2S0507','SS2S05'),
('SS2S0508','SS2S05'),
('SS2S0509','SS2S05'),
('SS2S0510','SS2S05'),
('SS2S0511','SS2S05'),
('SS2S0512','SS2S05'),
('SS2S0513','SS2S05'),
('SS2S0514','SS2S05'),
('SS2S0515','SS2S05'),
('SS2S0516','SS2S05'),
('SS2S0517','SS2S05'),
('SS2S0518','SS2S05'),
('SS2S0519','SS2S05'),
('SS2S0520','SS2S05'),
('SS2S0521','SS2S05'),
('SS2S0522','SS2S05'),
('SS2S0523','SS2S05'),
('SS2S0524','SS2S05'),
('SS2S0525','SS2S05'),
('SS2S0526','SS2S05'),
('SS2S0527','SS2S05'),
('SS2S0528','SS2S05'),
('SS2S0529','SS2S05'),
('SS2S0530','SS2S05'),

('SS2S0601','SS2S06'),
('SS2S0602','SS2S06'),
('SS2S0603','SS2S06'),
('SS2S0604','SS2S06'),
('SS2S0605','SS2S06'),
('SS2S0606','SS2S06'),
('SS2S0607','SS2S06'),
('SS2S0608','SS2S06'),
('SS2S0609','SS2S06'),
('SS2S0610','SS2S06'),
('SS2S0611','SS2S06'),
('SS2S0612','SS2S06'),
('SS2S0613','SS2S06'),
('SS2S0614','SS2S06'),
('SS2S0615','SS2S06'),
('SS2S0616','SS2S06'),
('SS2S0617','SS2S06'),
('SS2S0618','SS2S06'),
('SS2S0619','SS2S06'),
('SS2S0620','SS2S06'),
('SS2S0621','SS2S06'),
('SS2S0622','SS2S06'),
('SS2S0623','SS2S06'),
('SS2S0624','SS2S06'),
('SS2S0625','SS2S06'),
('SS2S0626','SS2S06'),
('SS2S0627','SS2S06'),
('SS2S0628','SS2S06'),
('SS2S0629','SS2S06'),
('SS2S0630','SS2S06'),
('SS2S0631','SS2S06'),
('SS2S0632','SS2S06'),
('SS2S0633','SS2S06'),
('SS2S0634','SS2S06'),
('SS2S0635','SS2S06'),
('SS2S0636','SS2S06'),

('SS2S0701','SS2S07'),
('SS2S0702','SS2S07'),
('SS2S0703','SS2S07'),
('SS2S0704','SS2S07'),
('SS2S0705','SS2S07'),
('SS2S0706','SS2S07'),
('SS2S0707','SS2S07'),
('SS2S0708','SS2S07'),
('SS2S0709','SS2S07'),
('SS2S0710','SS2S07'),
('SS2S0711','SS2S07'),
('SS2S0712','SS2S07'),
('SS2S0713','SS2S07'),
('SS2S0714','SS2S07'),
('SS2S0715','SS2S07'),
('SS2S0716','SS2S07'),
('SS2S0717','SS2S07'),
('SS2S0718','SS2S07'),
('SS2S0719','SS2S07'),
('SS2S0720','SS2S07'),
('SS2S0721','SS2S07'),
('SS2S0722','SS2S07'),
('SS2S0723','SS2S07'),
('SS2S0724','SS2S07'),
('SS2S0725','SS2S07'),
('SS2S0726','SS2S07'),
('SS2S0727','SS2S07'),
('SS2S0728','SS2S07'),
('SS2S0729','SS2S07'),
('SS2S0730','SS2S07'),

('SS2S0801','SS2S08'),
('SS2S0802','SS2S08'),
('SS2S0803','SS2S08'),
('SS2S0804','SS2S08'),
('SS2S0805','SS2S08'),
('SS2S0806','SS2S08'),
('SS2S0807','SS2S08'),
('SS2S0808','SS2S08'),
('SS2S0809','SS2S08'),
('SS2S0810','SS2S08'),
('SS2S0811','SS2S08'),
('SS2S0812','SS2S08'),
('SS2S0813','SS2S08'),
('SS2S0814','SS2S08'),
('SS2S0815','SS2S08'),
('SS2S0816','SS2S08'),
('SS2S0817','SS2S08'),
('SS2S0818','SS2S08'),
('SS2S0819','SS2S08'),
('SS2S0820','SS2S08'),
('SS2S0821','SS2S08'),
('SS2S0822','SS2S08'),
('SS2S0823','SS2S08'),
('SS2S0824','SS2S08'),
('SS2S0825','SS2S08'),
('SS2S0826','SS2S08'),
('SS2S0827','SS2S08'),
('SS2S0828','SS2S08'),
('SS2S0829','SS2S08'),
('SS2S0830','SS2S08'),
('SS2S0831','SS2S08'),
('SS2S0832','SS2S08'),
('SS2S0833','SS2S08'),
('SS2S0834','SS2S08'),
('SS2S0835','SS2S08'),
('SS2S0836','SS2S08'),

('SS2S0901','SS2S09'),
('SS2S0902','SS2S09'),
('SS2S0903','SS2S09'),
('SS2S0904','SS2S09'),
('SS2S0905','SS2S09'),
('SS2S0906','SS2S09'),
('SS2S0907','SS2S09'),
('SS2S0908','SS2S09'),
('SS2S0909','SS2S09'),
('SS2S0910','SS2S09'),
('SS2S0911','SS2S09'),
('SS2S0912','SS2S09'),
('SS2S0913','SS2S09'),
('SS2S0914','SS2S09'),
('SS2S0915','SS2S09'),
('SS2S0916','SS2S09'),
('SS2S0917','SS2S09'),
('SS2S0918','SS2S09'),
('SS2S0919','SS2S09'),
('SS2S0920','SS2S09'),
('SS2S0921','SS2S09'),
('SS2S0922','SS2S09'),
('SS2S0923','SS2S09'),
('SS2S0924','SS2S09'),
('SS2S0925','SS2S09'),
('SS2S0926','SS2S09'),
('SS2S0927','SS2S09'),
('SS2S0928','SS2S09'),
('SS2S0929','SS2S09'),
('SS2S0930','SS2S09'),

('SS2S1001','SS2S10'),
('SS2S1002','SS2S10'),
('SS2S1003','SS2S10'),
('SS2S1004','SS2S10'),
('SS2S1005','SS2S10'),
('SS2S1006','SS2S10'),
('SS2S1007','SS2S10'),
('SS2S1008','SS2S10'),
('SS2S1009','SS2S10'),
('SS2S1010','SS2S10'),
('SS2S1011','SS2S10'),
('SS2S1012','SS2S10'),
('SS2S1013','SS2S10'),
('SS2S1014','SS2S10'),
('SS2S1015','SS2S10'),
('SS2S1016','SS2S10'),
('SS2S1017','SS2S10'),
('SS2S1018','SS2S10'),
('SS2S1019','SS2S10'),
('SS2S1020','SS2S10'),
('SS2S1021','SS2S10'),
('SS2S1022','SS2S10'),
('SS2S1023','SS2S10'),
('SS2S1024','SS2S10'),
('SS2S1025','SS2S10'),
('SS2S1026','SS2S10'),
('SS2S1027','SS2S10'),
('SS2S1028','SS2S10'),
('SS2S1029','SS2S10'),
('SS2S1030','SS2S10'),

('SS2S1101','SS2S11'),
('SS2S1102','SS2S11'),
('SS2S1103','SS2S11'),
('SS2S1104','SS2S11'),
('SS2S1105','SS2S11'),
('SS2S1106','SS2S11'),
('SS2S1107','SS2S11'),
('SS2S1108','SS2S11'),
('SS2S1109','SS2S11'),
('SS2S1110','SS2S11'),
('SS2S1111','SS2S11'),
('SS2S1112','SS2S11'),
('SS2S1113','SS2S11'),
('SS2S1114','SS2S11'),
('SS2S1115','SS2S11'),
('SS2S1116','SS2S11'),
('SS2S1117','SS2S11'),
('SS2S1118','SS2S11'),
('SS2S1119','SS2S11'),
('SS2S1120','SS2S11'),
('SS2S1121','SS2S11'),
('SS2S1122','SS2S11'),
('SS2S1123','SS2S11'),
('SS2S1124','SS2S11'),
('SS2S1125','SS2S11'),
('SS2S1126','SS2S11'),
('SS2S1127','SS2S11'),
('SS2S1128','SS2S11'),
('SS2S1129','SS2S11'),
('SS2S1130','SS2S11'),

('SS2S1201','SS2S12'),
('SS2S1202','SS2S12'),
('SS2S1203','SS2S12'),
('SS2S1204','SS2S12'),
('SS2S1205','SS2S12'),
('SS2S1206','SS2S12'),
('SS2S1207','SS2S12'),
('SS2S1208','SS2S12'),
('SS2S1209','SS2S12'),
('SS2S1210','SS2S12'),
('SS2S1211','SS2S12'),
('SS2S1212','SS2S12'),
('SS2S1213','SS2S12'),
('SS2S1214','SS2S12'),
('SS2S1215','SS2S12'),
('SS2S1216','SS2S12'),
('SS2S1217','SS2S12'),
('SS2S1218','SS2S12'),
('SS2S1219','SS2S12'),
('SS2S1220','SS2S12'),
('SS2S1221','SS2S12'),
('SS2S1222','SS2S12'),
('SS2S1223','SS2S12'),
('SS2S1224','SS2S12'),
('SS2S1225','SS2S12'),
('SS2S1226','SS2S12'),
('SS2S1227','SS2S12'),
('SS2S1228','SS2S12'),
('SS2S1229','SS2S12'),
('SS2S1230','SS2S12'),

('ST1S0101','ST1S01'),
('ST1S0102','ST1S01'),
('ST1S0103','ST1S01'),
('ST1S0104','ST1S01'),
('ST1S0105','ST1S01'),
('ST1S0106','ST1S01'),
('ST1S0107','ST1S01'),
('ST1S0108','ST1S01'),
('ST1S0109','ST1S01'),
('ST1S0110','ST1S01'),
('ST1S0111','ST1S01'),
('ST1S0112','ST1S01'),
('ST1S0113','ST1S01'),
('ST1S0114','ST1S01'),
('ST1S0115','ST1S01'),
('ST1S0116','ST1S01'),
('ST1S0117','ST1S01'),
('ST1S0118','ST1S01'),
('ST1S0119','ST1S01'),
('ST1S0120','ST1S01'),

('ST1S0201','ST1S02'),
('ST1S0202','ST1S02'),
('ST1S0203','ST1S02'),
('ST1S0204','ST1S02'),
('ST1S0205','ST1S02'),
('ST1S0206','ST1S02'),
('ST1S0207','ST1S02'),
('ST1S0208','ST1S02'),
('ST1S0209','ST1S02'),
('ST1S0210','ST1S02'),
('ST1S0211','ST1S02'),
('ST1S0212','ST1S02'),
('ST1S0213','ST1S02'),
('ST1S0214','ST1S02'),
('ST1S0215','ST1S02'),
('ST1S0216','ST1S02'),
('ST1S0217','ST1S02'),
('ST1S0218','ST1S02'),
('ST1S0219','ST1S02'),
('ST1S0220','ST1S02'),

('ST1S0301','ST1S03'),
('ST1S0302','ST1S03'),
('ST1S0303','ST1S03'),
('ST1S0304','ST1S03'),
('ST1S0305','ST1S03'),
('ST1S0306','ST1S03'),
('ST1S0307','ST1S03'),
('ST1S0308','ST1S03'),
('ST1S0309','ST1S03'),
('ST1S0310','ST1S03'),
('ST1S0311','ST1S03'),
('ST1S0312','ST1S03'),
('ST1S0313','ST1S03'),
('ST1S0314','ST1S03'),
('ST1S0315','ST1S03'),
('ST1S0316','ST1S03'),
('ST1S0317','ST1S03'),
('ST1S0318','ST1S03'),
('ST1S0319','ST1S03'),
('ST1S0320','ST1S03'),
('ST1S0321','ST1S03'),
('ST1S0322','ST1S03'),
('ST1S0323','ST1S03'),
('ST1S0324','ST1S03'),
('ST1S0325','ST1S03'),
('ST1S0326','ST1S03'),
('ST1S0327','ST1S03'),
('ST1S0328','ST1S03'),
('ST1S0329','ST1S03'),
('ST1S0330','ST1S03'),
('ST1S0331','ST1S03'),
('ST1S0332','ST1S03'),
('ST1S0333','ST1S03'),
('ST1S0334','ST1S03'),
('ST1S0335','ST1S03'),
('ST1S0336','ST1S03'),

('ST1S0401','ST1S04'),
('ST1S0402','ST1S04'),
('ST1S0403','ST1S04'),
('ST1S0404','ST1S04'),
('ST1S0405','ST1S04'),
('ST1S0406','ST1S04'),
('ST1S0407','ST1S04'),
('ST1S0408','ST1S04'),
('ST1S0409','ST1S04'),
('ST1S0410','ST1S04'),
('ST1S0411','ST1S04'),
('ST1S0412','ST1S04'),
('ST1S0413','ST1S04'),
('ST1S0414','ST1S04'),
('ST1S0415','ST1S04'),
('ST1S0416','ST1S04'),
('ST1S0417','ST1S04'),
('ST1S0418','ST1S04'),
('ST1S0419','ST1S04'),
('ST1S0420','ST1S04'),
('ST1S0421','ST1S04'),
('ST1S0422','ST1S04'),
('ST1S0423','ST1S04'),
('ST1S0424','ST1S04'),
('ST1S0425','ST1S04'),
('ST1S0426','ST1S04'),
('ST1S0427','ST1S04'),
('ST1S0428','ST1S04'),
('ST1S0429','ST1S04'),
('ST1S0430','ST1S04'),

('ST1S0501','ST1S05'),
('ST1S0502','ST1S05'),
('ST1S0503','ST1S05'),
('ST1S0504','ST1S05'),
('ST1S0505','ST1S05'),
('ST1S0506','ST1S05'),
('ST1S0507','ST1S05'),
('ST1S0508','ST1S05'),
('ST1S0509','ST1S05'),
('ST1S0510','ST1S05'),
('ST1S0511','ST1S05'),
('ST1S0512','ST1S05'),
('ST1S0513','ST1S05'),
('ST1S0514','ST1S05'),
('ST1S0515','ST1S05'),
('ST1S0516','ST1S05'),
('ST1S0517','ST1S05'),
('ST1S0518','ST1S05'),
('ST1S0519','ST1S05'),
('ST1S0520','ST1S05'),
('ST1S0521','ST1S05'),
('ST1S0522','ST1S05'),
('ST1S0523','ST1S05'),
('ST1S0524','ST1S05'),
('ST1S0525','ST1S05'),
('ST1S0526','ST1S05'),
('ST1S0527','ST1S05'),
('ST1S0528','ST1S05'),
('ST1S0529','ST1S05'),
('ST1S0530','ST1S05'),

('ST1S0601','ST1S06'),
('ST1S0602','ST1S06'),
('ST1S0603','ST1S06'),
('ST1S0604','ST1S06'),
('ST1S0605','ST1S06'),
('ST1S0606','ST1S06'),
('ST1S0607','ST1S06'),
('ST1S0608','ST1S06'),
('ST1S0609','ST1S06'),
('ST1S0610','ST1S06'),
('ST1S0611','ST1S06'),
('ST1S0612','ST1S06'),
('ST1S0613','ST1S06'),
('ST1S0614','ST1S06'),
('ST1S0615','ST1S06'),
('ST1S0616','ST1S06'),
('ST1S0617','ST1S06'),
('ST1S0618','ST1S06'),
('ST1S0619','ST1S06'),
('ST1S0620','ST1S06'),
('ST1S0621','ST1S06'),
('ST1S0622','ST1S06'),
('ST1S0623','ST1S06'),
('ST1S0624','ST1S06'),
('ST1S0625','ST1S06'),
('ST1S0626','ST1S06'),
('ST1S0627','ST1S06'),
('ST1S0628','ST1S06'),
('ST1S0629','ST1S06'),
('ST1S0630','ST1S06'),

('ST1S0701','ST1S07'),
('ST1S0702','ST1S07'),
('ST1S0703','ST1S07'),
('ST1S0704','ST1S07'),
('ST1S0705','ST1S07'),
('ST1S0706','ST1S07'),
('ST1S0707','ST1S07'),
('ST1S0708','ST1S07'),
('ST1S0709','ST1S07'),
('ST1S0710','ST1S07'),
('ST1S0711','ST1S07'),
('ST1S0712','ST1S07'),
('ST1S0713','ST1S07'),
('ST1S0714','ST1S07'),
('ST1S0715','ST1S07'),
('ST1S0716','ST1S07'),
('ST1S0717','ST1S07'),
('ST1S0718','ST1S07'),
('ST1S0719','ST1S07'),
('ST1S0720','ST1S07'),
('ST1S0721','ST1S07'),
('ST1S0722','ST1S07'),
('ST1S0723','ST1S07'),
('ST1S0724','ST1S07'),
('ST1S0725','ST1S07'),
('ST1S0726','ST1S07'),
('ST1S0727','ST1S07'),
('ST1S0728','ST1S07'),
('ST1S0729','ST1S07'),
('ST1S0730','ST1S07'),

('ST1S0801','ST1S08'),
('ST1S0802','ST1S08'),
('ST1S0803','ST1S08'),
('ST1S0804','ST1S08'),
('ST1S0805','ST1S08'),
('ST1S0806','ST1S08'),
('ST1S0807','ST1S08'),
('ST1S0808','ST1S08'),
('ST1S0809','ST1S08'),
('ST1S0810','ST1S08'),
('ST1S0811','ST1S08'),
('ST1S0812','ST1S08'),
('ST1S0813','ST1S08'),
('ST1S0814','ST1S08'),
('ST1S0815','ST1S08'),
('ST1S0816','ST1S08'),
('ST1S0817','ST1S08'),
('ST1S0818','ST1S08'),
('ST1S0819','ST1S08'),
('ST1S0820','ST1S08'),
('ST1S0821','ST1S08'),
('ST1S0822','ST1S08'),
('ST1S0823','ST1S08'),
('ST1S0824','ST1S08'),
('ST1S0825','ST1S08'),
('ST1S0826','ST1S08'),
('ST1S0827','ST1S08'),
('ST1S0828','ST1S08'),
('ST1S0829','ST1S08'),
('ST1S0830','ST1S08'),
('ST1S0831','ST1S08'),
('ST1S0832','ST1S08'),
('ST1S0833','ST1S08'),
('ST1S0834','ST1S08'),
('ST1S0835','ST1S08'),
('ST1S0836','ST1S08'),

('ST1S0901','ST1S09'),
('ST1S0902','ST1S09'),
('ST1S0903','ST1S09'),
('ST1S0904','ST1S09'),
('ST1S0905','ST1S09'),
('ST1S0906','ST1S09'),
('ST1S0907','ST1S09'),
('ST1S0908','ST1S09'),
('ST1S0909','ST1S09'),
('ST1S0910','ST1S09'),
('ST1S0911','ST1S09'),
('ST1S0912','ST1S09'),
('ST1S0913','ST1S09'),
('ST1S0914','ST1S09'),
('ST1S0915','ST1S09'),
('ST1S0916','ST1S09'),
('ST1S0917','ST1S09'),
('ST1S0918','ST1S09'),
('ST1S0919','ST1S09'),
('ST1S0920','ST1S09'),
('ST1S0921','ST1S09'),
('ST1S0922','ST1S09'),
('ST1S0923','ST1S09'),
('ST1S0924','ST1S09'),
('ST1S0925','ST1S09'),
('ST1S0926','ST1S09'),
('ST1S0927','ST1S09'),
('ST1S0928','ST1S09'),
('ST1S0929','ST1S09'),
('ST1S0930','ST1S09'),

('SY1S0101','SY1S01'),
('SY1S0102','SY1S01'),
('SY1S0103','SY1S01'),
('SY1S0104','SY1S01'),
('SY1S0105','SY1S01'),
('SY1S0106','SY1S01'),
('SY1S0107','SY1S01'),
('SY1S0108','SY1S01'),
('SY1S0109','SY1S01'),
('SY1S0110','SY1S01'),
('SY1S0111','SY1S01'),
('SY1S0112','SY1S01'),
('SY1S0113','SY1S01'),
('SY1S0114','SY1S01'),
('SY1S0115','SY1S01'),
('SY1S0116','SY1S01'),
('SY1S0117','SY1S01'),
('SY1S0118','SY1S01'),
('SY1S0119','SY1S01'),
('SY1S0120','SY1S01'),
('SY1S0121','SY1S01'),
('SY1S0122','SY1S01'),
('SY1S0123','SY1S01'),
('SY1S0124','SY1S01'),
('SY1S0125','SY1S01'),
('SY1S0126','SY1S01'),
('SY1S0127','SY1S01'),
('SY1S0128','SY1S01'),
('SY1S0129','SY1S01'),
('SY1S0130','SY1S01'),

('SY1S0201','SY1S02'),
('SY1S0202','SY1S02'),
('SY1S0203','SY1S02'),
('SY1S0204','SY1S02'),
('SY1S0205','SY1S02'),
('SY1S0206','SY1S02'),
('SY1S0207','SY1S02'),
('SY1S0208','SY1S02'),
('SY1S0209','SY1S02'),
('SY1S0210','SY1S02'),
('SY1S0211','SY1S02'),
('SY1S0212','SY1S02'),
('SY1S0213','SY1S02'),
('SY1S0214','SY1S02'),
('SY1S0215','SY1S02'),
('SY1S0216','SY1S02'),
('SY1S0217','SY1S02'),
('SY1S0218','SY1S02'),
('SY1S0219','SY1S02'),
('SY1S0220','SY1S02'),
('SY1S0221','SY1S02'),
('SY1S0222','SY1S02'),
('SY1S0223','SY1S02'),
('SY1S0224','SY1S02'),
('SY1S0225','SY1S02'),
('SY1S0226','SY1S02'),
('SY1S0227','SY1S02'),
('SY1S0228','SY1S02'),
('SY1S0229','SY1S02'),
('SY1S0230','SY1S02'),
('SY1S0231','SY1S02'),
('SY1S0232','SY1S02'),
('SY1S0233','SY1S02'),
('SY1S0234','SY1S02'),
('SY1S0235','SY1S02'),
('SY1S0236','SY1S02'),

('SY1S0301','SY1S03'),
('SY1S0302','SY1S03'),
('SY1S0303','SY1S03'),
('SY1S0304','SY1S03'),
('SY1S0305','SY1S03'),
('SY1S0306','SY1S03'),
('SY1S0307','SY1S03'),
('SY1S0308','SY1S03'),
('SY1S0309','SY1S03'),
('SY1S0310','SY1S03'),
('SY1S0311','SY1S03'),
('SY1S0312','SY1S03'),
('SY1S0313','SY1S03'),
('SY1S0314','SY1S03'),
('SY1S0315','SY1S03'),
('SY1S0316','SY1S03'),
('SY1S0317','SY1S03'),
('SY1S0318','SY1S03'),
('SY1S0319','SY1S03'),
('SY1S0320','SY1S03'),
('SY1S0321','SY1S03'),
('SY1S0322','SY1S03'),
('SY1S0323','SY1S03'),
('SY1S0324','SY1S03'),
('SY1S0325','SY1S03'),
('SY1S0326','SY1S03'),
('SY1S0327','SY1S03'),
('SY1S0328','SY1S03'),
('SY1S0329','SY1S03'),
('SY1S0330','SY1S03'),

('SY1S0401','SY1S04'),
('SY1S0402','SY1S04'),
('SY1S0403','SY1S04'),
('SY1S0404','SY1S04'),
('SY1S0405','SY1S04'),
('SY1S0406','SY1S04'),
('SY1S0407','SY1S04'),
('SY1S0408','SY1S04'),
('SY1S0409','SY1S04'),
('SY1S0410','SY1S04'),
('SY1S0411','SY1S04'),
('SY1S0412','SY1S04'),
('SY1S0413','SY1S04'),
('SY1S0414','SY1S04'),
('SY1S0415','SY1S04'),
('SY1S0416','SY1S04'),
('SY1S0417','SY1S04'),
('SY1S0418','SY1S04'),
('SY1S0419','SY1S04'),
('SY1S0420','SY1S04'),
('SY1S0421','SY1S04'),
('SY1S0422','SY1S04'),
('SY1S0423','SY1S04'),
('SY1S0424','SY1S04'),
('SY1S0425','SY1S04'),
('SY1S0426','SY1S04'),
('SY1S0427','SY1S04'),
('SY1S0428','SY1S04'),
('SY1S0429','SY1S04'),
('SY1S0430','SY1S04'),

('SY1S0501','SY1S05'),
('SY1S0502','SY1S05'),
('SY1S0503','SY1S05'),
('SY1S0504','SY1S05'),
('SY1S0505','SY1S05'),
('SY1S0506','SY1S05'),
('SY1S0507','SY1S05'),
('SY1S0508','SY1S05'),
('SY1S0509','SY1S05'),
('SY1S0510','SY1S05'),
('SY1S0511','SY1S05'),
('SY1S0512','SY1S05'),
('SY1S0513','SY1S05'),
('SY1S0514','SY1S05'),
('SY1S0515','SY1S05'),
('SY1S0516','SY1S05'),
('SY1S0517','SY1S05'),
('SY1S0518','SY1S05'),
('SY1S0519','SY1S05'),
('SY1S0520','SY1S05'),
('SY1S0521','SY1S05'),
('SY1S0522','SY1S05'),
('SY1S0523','SY1S05'),
('SY1S0524','SY1S05'),
('SY1S0525','SY1S05'),
('SY1S0526','SY1S05'),
('SY1S0527','SY1S05'),
('SY1S0528','SY1S05'),
('SY1S0529','SY1S05'),
('SY1S0530','SY1S05'),

('SY1S0601','SY1S06'),
('SY1S0602','SY1S06'),
('SY1S0603','SY1S06'),
('SY1S0604','SY1S06'),
('SY1S0605','SY1S06'),
('SY1S0606','SY1S06'),
('SY1S0607','SY1S06'),
('SY1S0608','SY1S06'),
('SY1S0609','SY1S06'),
('SY1S0610','SY1S06'),
('SY1S0611','SY1S06'),
('SY1S0612','SY1S06'),
('SY1S0613','SY1S06'),
('SY1S0614','SY1S06'),
('SY1S0615','SY1S06'),
('SY1S0616','SY1S06'),
('SY1S0617','SY1S06'),
('SY1S0618','SY1S06'),
('SY1S0619','SY1S06'),
('SY1S0620','SY1S06'),
('SY1S0621','SY1S06'),
('SY1S0622','SY1S06'),
('SY1S0623','SY1S06'),
('SY1S0624','SY1S06'),
('SY1S0625','SY1S06'),
('SY1S0626','SY1S06'),
('SY1S0627','SY1S06'),
('SY1S0628','SY1S06'),
('SY1S0629','SY1S06'),
('SY1S0630','SY1S06'),

('SY1S0701','SY1S07'),
('SY1S0702','SY1S07'),
('SY1S0703','SY1S07'),
('SY1S0704','SY1S07'),
('SY1S0705','SY1S07'),
('SY1S0706','SY1S07'),
('SY1S0707','SY1S07'),
('SY1S0708','SY1S07'),
('SY1S0709','SY1S07'),
('SY1S0710','SY1S07'),
('SY1S0711','SY1S07'),
('SY1S0712','SY1S07'),
('SY1S0713','SY1S07'),
('SY1S0714','SY1S07'),
('SY1S0715','SY1S07'),
('SY1S0716','SY1S07'),
('SY1S0717','SY1S07'),
('SY1S0718','SY1S07'),
('SY1S0719','SY1S07'),
('SY1S0720','SY1S07'),

('SY1S0801','SY1S08'),
('SY1S0802','SY1S08'),
('SY1S0803','SY1S08'),
('SY1S0804','SY1S08'),
('SY1S0805','SY1S08'),
('SY1S0806','SY1S08'),
('SY1S0807','SY1S08'),
('SY1S0808','SY1S08'),
('SY1S0809','SY1S08'),
('SY1S0810','SY1S08'),
('SY1S0811','SY1S08'),
('SY1S0812','SY1S08'),
('SY1S0813','SY1S08'),
('SY1S0814','SY1S08'),
('SY1S0815','SY1S08'),
('SY1S0816','SY1S08'),
('SY1S0817','SY1S08'),
('SY1S0818','SY1S08'),
('SY1S0819','SY1S08'),
('SY1S0820','SY1S08'),

('SY1S0901','SY1S09'),
('SY1S0902','SY1S09'),
('SY1S0903','SY1S09'),
('SY1S0904','SY1S09'),
('SY1S0905','SY1S09'),
('SY1S0906','SY1S09'),
('SY1S0907','SY1S09'),
('SY1S0908','SY1S09'),
('SY1S0909','SY1S09'),
('SY1S0910','SY1S09'),
('SY1S0911','SY1S09'),
('SY1S0912','SY1S09'),
('SY1S0913','SY1S09'),
('SY1S0914','SY1S09'),
('SY1S0915','SY1S09'),
('SY1S0916','SY1S09'),
('SY1S0917','SY1S09'),
('SY1S0918','SY1S09'),
('SY1S0919','SY1S09'),
('SY1S0920','SY1S09'),
('SY1S0921','SY1S09'),
('SY1S0922','SY1S09'),
('SY1S0923','SY1S09'),
('SY1S0924','SY1S09'),
('SY1S0925','SY1S09'),
('SY1S0926','SY1S09'),
('SY1S0927','SY1S09'),
('SY1S0928','SY1S09'),
('SY1S0929','SY1S09'),
('SY1S0930','SY1S09'),
('SY1S0931','SY1S09'),
('SY1S0932','SY1S09'),
('SY1S0933','SY1S09'),
('SY1S0934','SY1S09'),
('SY1S0935','SY1S09'),
('SY1S0936','SY1S09'),

('SY1S1001','SY1S10'),
('SY1S1002','SY1S10'),
('SY1S1003','SY1S10'),
('SY1S1004','SY1S10'),
('SY1S1005','SY1S10'),
('SY1S1006','SY1S10'),
('SY1S1007','SY1S10'),
('SY1S1008','SY1S10'),
('SY1S1009','SY1S10'),
('SY1S1010','SY1S10'),
('SY1S1011','SY1S10'),
('SY1S1012','SY1S10'),
('SY1S1013','SY1S10'),
('SY1S1014','SY1S10'),
('SY1S1015','SY1S10'),
('SY1S1016','SY1S10'),
('SY1S1017','SY1S10'),
('SY1S1018','SY1S10'),
('SY1S1019','SY1S10'),
('SY1S1020','SY1S10'),
('SY1S1021','SY1S10'),
('SY1S1022','SY1S10'),
('SY1S1023','SY1S10'),
('SY1S1024','SY1S10'),
('SY1S1025','SY1S10'),
('SY1S1026','SY1S10'),
('SY1S1027','SY1S10'),
('SY1S1028','SY1S10'),
('SY1S1029','SY1S10'),
('SY1S1030','SY1S10');



Insert into Empleados
values
('SS1EMP01','Carlos', 'Escobar', 'SUSS1'),
('SS1EMP02','Alejandro', 'Avelar', 'SUSS1'),
('SS1EMP03','Hector', 'Martinez', 'SUSS1'),
('SS1EMP04','Jesus', 'Hernandez', 'SUSS1'),
('SS1EMP05','Javier', 'Molina', 'SUSS1'),
('SS1EMP06','Luis', 'Montoya', 'SUSS1'),
('SS1EMP07','Maria', 'Gonzalez', 'SUSS1'),
('SS1EMP08','Jose', 'Rodriguez', 'SUSS1'),
('SS1EMP09','Eduardo', 'Flores', 'SUSS1'),
('SS1EMP10','Beatriz', 'Lopez', 'SUSS1'),

('AC1EMP01','Jose', 'Martinez', 'SUAC1'),
('AC1EMP02','Antonio', 'Romero', 'SUAC1'),
('AC1EMP03','Alexander', 'Peña', 'SUAC1'),
('AC1EMP04','Lucia', 'Zavaleta', 'SUAC1'),
('AC1EMP05','Eduardo', 'Gonzalez', 'SUAC1'),
('AC1EMP06','Hugo', 'Sorto', 'SUAC1'),
('AC1EMP07','Guadalupe', 'Flores', 'SUAC1'),
('AC1EMP08','Enrique', 'Portillo', 'SUAC1'),

('SA1EMP01','Karla', 'Gomez', 'SUSA1'),
('SA1EMP02','Paola', 'Gutierrez', 'SUSA1'),
('SA1EMP03','Sofia', 'Martinez', 'SUSA1'),
('SA1EMP04','Lucero', 'Hernandez', 'SUSA1'),
('SA1EMP05','Javier', 'Quintero', 'SUSA1'),
('SA1EMP06','Luis', 'Hidalgo', 'SUSA1'),
('SA1EMP07','Joaquin', 'Gonzalez', 'SUSA1'),
('SA1EMP08','Rodrigo', 'Acevedo', 'SUSA1'),
('SA1EMP09','Carlos', 'Torres', 'SUSA1'),

('SM1EMP01','Danna', 'Velasquez', 'SUSM1'),
('SM1EMP02','Andrea', 'Soler', 'SUSM1'),
('SM1EMP03','Benjamin', 'Solis', 'SUSM1'),
('SM1EMP04','Daniel', 'Hernandez', 'SUSM1'),
('SM1EMP05','Patricia', 'Blanco', 'SUSM1'),
('SM1EMP06','Alma', 'Martinez', 'SUSM1'),
('SM1EMP07','Fausto', 'Escobar', 'SUSM1'),
('SM1EMP08','Fernando', 'Cruz', 'SUSM1'),
('SM1EMP09','Diego', 'Linares', 'SUSM1'),

('SS2EMP01','Erasmo', 'Valencia', 'SUSS2'),
('SS2EMP02','Cesar', 'Guandique', 'SUSS2'),
('SS2EMP03','Paula', 'Velasco', 'SUSS2'),
('SS2EMP04','Emilio', 'Hernandez', 'SUSS2'),
('SS2EMP05','Francisco', 'Parker', 'SUSS2'),
('SS2EMP06','Isabel', 'Montoya', 'SUSS2'),
('SS2EMP07','Maria', 'Gonzalez', 'SUSS2'),
('SS2EMP08','Jose', 'Rodriguez', 'SUSS2'),
('SS2EMP09','Isabella', 'Flores', 'SUSS2'),
('SS2EMP10','Beatriz', 'Lopez', 'SUSS2'),
('SS2EMP11','Luis', 'Martinez', 'SUSS2'),
('SS2EMP12','Roberto', 'Gonzalez', 'SUSS2'),
('SS2EMP13','Dionisia', 'Rodriguez', 'SUSS2'),
('SS2EMP14','Eduardo', 'Flores', 'SUSS2'),
('SS2EMP15','Beatriz', 'Lopez', 'SUSS2'),

('ST1EMP01','Carmen', 'Lozano', 'SUST1'),
('ST1EMP02','Jose', 'Martinez', 'SUST1'),
('ST1EMP03','Henry', 'Portillo', 'SUST1'),
('ST1EMP04','Eduardo', 'Perez', 'SUST1'),
('ST1EMP05','Francisco', 'Parker', 'SUST1'),
('ST1EMP06','Isabel', 'Rodriguez', 'SUST1'),
('ST1EMP07','Maria', 'Bolaños', 'SUST1'),
('ST1EMP08','Jose', 'Rodriguez', 'SUST1'),
('ST1EMP09','William', 'Padilla', 'SUST1'),
('ST1EMP10','Beatriz', 'Dybala', 'SUST1'),
('ST1EMP11','Cristiano', 'Ronaldo', 'SUST1'),
('ST1EMP12','Andres', 'Llanos', 'SUST1'),

('SY1EMP01','Carlos', 'Martinez', 'SUSY1'),
('SY1EMP02','Elizabeth', 'Avelar', 'SUSY1'),
('SY1EMP03','Rosa', 'Martinez', 'SUSY1'),
('SY1EMP04','Jimena', 'Hernandez', 'SUSY1'),
('SY1EMP05','Javier', 'Molina', 'SUSY1'),
('SY1EMP06','Luis', 'Lopez', 'SUSY1'),
('SY1EMP07','Juan', 'Guarnizo', 'SUSY1'),
('SY1EMP08','David', 'Rodriguez', 'SUSY1'),
('SY1EMP09','Raul', 'Flores', 'SUSY1'),
('SY1EMP10','Julia', 'Lopez', 'SUSY1'),
('SY1EMP11','Antony', 'Gonzalez', 'SUSY1'),
('SY1EMP12','Miguel', 'Pimentel', 'SUSY1'),
('SY1EMP13','Sergio', 'Flores', 'SUSY1'),
('SY1EMP14','Beatriz', 'Garcia', 'SUSY1');

Insert into Peliculas
values
('RF092021', 'Rapidos y Furiosos 9', '+13', 'Novena entrega de la saga rapidos y furiosos'),
('GK012021', 'Godzilla vs. Kong', '+13', 'Una entrega mas del monsterverse en la que se vera el combate entre Kong y Godzilla'),
('JC012021', 'Jungle Cruise', '+13', ''),
('TW012021', 'The Tomorrow War', '+13', 'Un grupo de viajeros en el tiempo se transporta desde el año 2051 para entregar un mensaje urgente: la humanidad está perdiendo la guerra mundial contra unos alienígenas. La única esperanza es que los ciudadanos del presente se unan a la lucha.'),
('IJ012021', 'Injustice', '+18', 'Injustice es una película de superhéroes de animación para adultos estadounidense de 2021 basada en el videojuego de 2013 del mismo nombre'),
('ES012021', 'El Escuadrón Suicida', '+18', 'Con tal de salir de una prisión infernal, los supervillanos más peligrosos del mundo aceptan una misión del Gobierno: viajar a una remota isla, enemiga de los Estados Unidos y repleta de soldados, para destruir un laboratorio de alta tecnología.'),
('AD012021', 'Army of the Dead', '+18', 'En el mismo momento en que se produce una epidemia de zombis en Las Vegas, un grupo de mercenarios se adentra en la zona en cuarentena para cometer el mayor atraco realizado en la historia de la ciudad del pecado.'),
('FM012021', 'La Familia Mitchell vs. Las Máquinas', '+10', 'El viaje por carretera de la familia Mitchell, que va a acompañar a uno de sus hijos a su primer día de universidad, se ve interrumpido por una insurrección tecnológica que amenaza a la humanidad.'),
('SJ022021', 'Space Jam: una nueva era', '+10', 'Atrapado en el espacio digital, la superestrella del baloncesto LeBron James se une a la banda de los Looney Tunes para derrotar al Goon Squad en un juego de baloncesto y salvar a su hijo.'),
('PS012021', 'Pequeños secretos', '+18', 'Un sheriff y un detective de homicidios colaboran para dar caza a un astuto asesino en Los Ángeles. Mientras rastrean al culpable, el pasado de uno de ellos comienza a salir a la luz y puede poner en peligro la investigación.');


Insert into Tickets
values
('AC1S01','TKAC1S01'),
('AC1S02','TKAC1S02'),
('AC1S03','TKAC1S03'),
('AC1S04','TKAC1S04'),
('AC1S05','TKAC1S05'),
('SA1S01','TKSA1S01'),
('SA1S02','TKSA1S02'),
('SA1S03','TKSA1S03'),
('SA1S04','TKSA1S04'),
('SA1S05','TKSA1S05'),
('SA1S06','TKSA1S06'),
('SA1S07','TKSA1S07'),
('SM1S01','TKSM1S01'),
('SM1S02','TKSM1S02'),
('SM1S03','TKSM1S03'),
('SM1S04','TKSM1S04'),
('SM1S05','TKSM1S05'),
('SM1S06','TKSM1S06'),
('SM1S07','TKSM1S07'),
('SS1S01','TKSS1S01'),
('SS1S02','TKSS1S02'),
('SS1S03','TKSS1S03'),
('SS1S04','TKSS1S04'),
('SS1S05','TKSS1S05'),
('SS1S06','TKSS1S06'),
('SS1S07','TKSS1S07'),
('SS1S08','TKSS1S08'),
('SS2S01','TKSS2S01'),
('SS2S02','TKSS2S02'),
('SS2S03','TKSS2S03'),
('SS2S04','TKSS2S04'),
('SS2S05','TKSS2S05'),
('SS2S06','TKSS2S06'),
('SS2S07','TKSS2S07'),
('SS2S08','TKSS2S08'),
('SS2S09','TKSS2S09'),
('SS2S10','TKSS2S10'),
('SS2S11','TKSS2S11'),
('SS2S12','TKSS2S12'),
('ST1S01','TKST1S01'),
('ST1S02','TKST1S02'),
('ST1S03','TKST1S03'),
('ST1S04','TKST1S04'),
('ST1S05','TKST1S05'),
('ST1S06','TKST1S06'),
('ST1S07','TKST1S07'),
('ST1S08','TKST1S08'),
('ST1S09','TKST1S09'),
('SY1S01','TKSY1S01'),
('SY1S02','TKSY1S02'),
('SY1S03','TKSY1S03'),
('SY1S04','TKSY1S04'),
('SY1S05','TKSY1S05'),
('SY1S06','TKSY1S06'),
('SY1S07','TKSY1S07'),
('SY1S08','TKSY1S08'),
('SY1S09','TKSY1S09'),
('SY1S10','TKSY1S10');

Insert into Cartelera
values
('CRF09','RF092021','20210625'),
('CGK01','GK012021','20210324'),
('CJC01','JC012021','20210730'),
('CTW01','TW012021','20210602'),
('CIJ01','IJ012021','20211019'),
('CES01','ES012021','20210806'),
('CAD01','AD012021','20210521'),
('CFM01','FM012021','20210423'),
('CSJ02','SJ022021','20210716'),
('CPS01','PS012021','20210129');

Insert into Usuarios
values
('USCE2101','Carlos', 'Escobar'),
('USAA2101','Alejandro', 'Avelar'),
('USHM2101','Hector', 'Martinez'),
('USJH2101','Jesus', 'Hernandez'),
('USJM2104','Javier', 'Molina'),
('USLM2101','Luis', 'Montoya'),
('USMG2101','Maria', 'Gonzalez'),
('USJR2101','Jose', 'Rodriguez'),
('USEF2101','Eduardo', 'Flores'),
('USBL2111','Beatriz', 'Lopez'),
('USJM2101','Jose', 'Martinez'),
('USAR2102','Antonio', 'Romero'),
('USAP2103','Alexander', 'Peña'),
('USLZ2104','Lucia', 'Zavaleta'),
('USEG2105','Eduardo', 'Gonzalez'),
('USHS2106','Hugo', 'Sorto'),
('USGF2107','Guadalupe', 'Flores'),
('USEP2108','Enrique', 'Portillo'),
('USKG2101','Karla', 'Gomez'),
('USPG2102','Paola', 'Gutierrez'),
('USSM2103','Sofia', 'Martinez'),
('USLH2104','Lucero', 'Hernandez'),
('USJQ2105','Javier', 'Quintero'),
('USLH2106','Luis', 'Hidalgo'),
('USJG2107','Joaquin', 'Gonzalez'),
('USRA2108','Rodrigo', 'Acevedo'),
('USCT2109','Carlos', 'Torres'),
('USDV2101','Danna', 'Velasquez'),
('USAS2102','Andrea', 'Soler'),
('USBS2103','Benjamin', 'Solis'),
('USDH2104','Daniel', 'Hernandez'),
('USPB2105','Patricia', 'Blanco'),
('USAM2106','Alma', 'Martinez'),
('USFE2107','Fausto', 'Escobar'),
('USFC2108','Fernando', 'Cruz'),
('USDL2109','Diego', 'Linares'),
('USEV2101','Erasmo', 'Valencia'),
('USCG2102','Cesar', 'Guandique'),
('USPV2103','Paula', 'Velasco'),
('USEH2104','Emilio', 'Hernandez'),
('USFP2104','Francisco', 'Parker'),
('USIM2106','Isabel', 'Montoya'),
('USMG2102','Maria', 'Gonzalez'),
('USJR2102','Jose', 'Rodriguez'),
('USIF2109','Isabella', 'Flores'),
('USBL2110','Beatriz', 'Lopez'),
('USLM2102','Luis', 'Martinez'),
('USRG2112','Roberto', 'Gonzalez'),
('USDR2113','Dionisia', 'Rodriguez'),
('USEF2111','Eduardo', 'Flores'),
('USBL2115','Beatriz', 'Lopez'),
('USCL2101','Carmen', 'Lozano'),
('USJM2102','Jose', 'Martinez'),
('USHP2103','Henry', 'Portillo'),
('USEP2104','Eduardo', 'Perez'),
('USFP2105','Francisco', 'Parker'),
('USIR2106','Isabel', 'Rodriguez'),
('USMB2107','Maria', 'Bolaños'),
('USJR2103','Jose', 'Rodriguez'),
('USWP2109','William', 'Padilla'),
('USBD2110','Beatriz', 'Dybala'),
('USCR2111','Cristiano', 'Ronaldo'),
('USAL2112','Andres', 'Llanos'),
('USCM2101','Carlos', 'Martinez'),
('USEA2102','Elizabeth', 'Avelar'),
('USRM2103','Rosa', 'Martinez'),
('USJH2102','Jimena', 'Hernandez'),
('USJM2103','Javier', 'Molina'),
('USLL2106','Luis', 'Lopez'),
('USJG2108','Juan', 'Guarnizo'),
('USDR2108','David', 'Rodriguez'),
('USRF2109','Raul', 'Flores'),
('USJL2110','Julia', 'Lopez');


ALTER TABLE Inventario 
ALTER COLUMN Descripcion Varchar(255);

INSERT INTO Inventario
VALUES 
('PM0001','Palomitas con mantequilla','Son las palomitas saladas con sabor a mantequilla'),
('PC0002','Palomitas acarameladas','Son las palomitas mas dulce exelente para ver una pelicula con tu pareja'),
('PX0003','Palomitas mixtas','Estas llevan dos clases de palomitas que son las de mantequilla y las acarameladas'),
('HT0004','Hot dog','Es un perrito caliente acompañado con escabeche,mayonesa y lo puedes acompañar con lo que gustes');

INSERT INTO Inventario
VALUES 
('SD0005','Soda','Bebida refrescante para acompañar cualquier cosa'),
('DC0006','Dulces','Estas barras de chocolate, dulces y màs te ayudaran a mantenerte entretenido un momento'),
('TH0007','Té helado','Si no te gusta la soda, esta es una buena opciòn para refrescarte por si estas sediento'),
('CF0008','Cafè','Si prefieres una bebida caliente, el cafè no falta'),
('NC0009','Nachos','Estos crujientes nachos abriran màs tu apetito');

ALTER TABLE Combos
ALTER COLUMN Descripcion VARCHAR(255);

INSERT INTO Combos
VALUES 
('PS01','Palomita gaseosa','Ahorra con este combo de palomitas medianas y dos sodas','PM0001','SD0005','$10.00'),
('PS02','Mega palomitas','ahorra con este combo de palomitas grandes y tres sodas','PM0001','SD0005','$20.00'),
('NT03','Nachos explosivos','Si tienes mucha hambre este combo es para ti con nachos y palomitas','NC0009','TH0007','$7.50'),
('CD04','Dulce hasta el alma','Este combo consiste con unas palomitas acarameladas con 3 barras de chocolate','PC0002','DC0006','$6.50'),
('HC05','Va quemando','Este combo consiste con dos hot dogs y café caliente','CF0008','HT0004','$5.00'),
('XS06','Explosión de sabor',' Este combo consiste en unas palomitas mixtas medianas con soda','PX0003','SD0005','$4.50');


Select * from Sucursales

Select * from Salas

Select * from Asientos

Select * from Empleados

Select * from Peliculas

Select * from Cartelera

Select * from Usuarios

Select * from Tickets

Select * from Inventario

Select * from Combos